Model,accuracy,precision_macro,recall_macro,f1_macro,precision_weighted,recall_weighted,f1_weighted
Ensemble,0.938000,0.932891,0.936018,0.928283,0.945588,0.938000,0.936270
Dawid-Skene,0.938000,0.931412,0.937365,0.928250,0.946293,0.938000,0.936598
Gemini,0.936000,0.943048,0.926580,0.928261,0.946877,0.936000,0.936960
GPT-5-mini,0.933000,0.925596,0.925938,0.918073,0.944722,0.933000,0.932922
TwelveLabs,0.861000,0.875870,0.862685,0.851129,0.901130,0.861000,0.865655
GPT-4o-mini,0.847000,0.861545,0.831621,0.814390,0.893114,0.847000,0.844359
Qwen-VL,0.718000,0.765473,0.701123,0.681945,0.802795,0.718000,0.720051
Replicate,0.642000,0.710182,0.611711,0.588060,0.744116,0.642000,0.625248
MoonDream2,0.058000,0.127050,0.063238,0.036296,0.157016,0.058000,0.042061
