Model,accuracy,precision_macro,recall_macro,f1_macro,precision_weighted,recall_weighted,f1_weighted
Ensemble,0.938,0.9328913440103414,0.9360182224306489,0.9282825777430898,0.945587603207977,0.938,0.9362696847720847
Dawid-Skene,0.938,0.9314124194261536,0.9373650237774503,0.9282495211113824,0.9462926248529986,0.938,0.9365981084232464
Gemini,0.936,0.9430477827325653,0.9265797480833713,0.9282605823221854,0.9468770405198665,0.936,0.9369603545492651
GPT-5-mini,0.933,0.9255963630832557,0.9259376420049906,0.9180731492936419,0.9447219728999333,0.933,0.9329216870379577
TwelveLabs,0.861,0.875869962686686,0.8626849813821668,0.8511287329733465,0.9011296691359318,0.861,0.8656545488123839
GPT-4o-mini,0.847,0.8615450738179954,0.8316207879912506,0.8143898997846402,0.8931144887363294,0.847,0.8443587033751895
Qwen-VL,0.718,0.7654731188824238,0.7011225980085389,0.6819452973769915,0.8027954520039485,0.718,0.720050955365685
Replicate,0.642,0.7101818395196318,0.6117105874288249,0.5880601890592996,0.7441155238352047,0.642,0.6252477211294968
MoonDream2,0.058,0.12704995867882082,0.06323807463369223,0.03629598827602457,0.15701649703760853,0.058,0.0420612647223718
